{
  "Account Name": {
    "position_range": {
      "x": [
        12.0,
        42.0
      ],
      "y": [
        193.6100311279297,
        223.6100311279297
      ],
      "width": [
        37.00599670410156,
        47.00599670410156
      ],
      "height": [
        5.261993408203125,
        11.261993408203125
      ]
    },
    "font_size_range": [
      5.5,
      6.5
    ],
    "fonts": [
      "helveticabold"
    ],
    "bold": true,
    "italic": false,
    "pages": [
      0
    ]
  },
  "Account Number": {
    "position_range": {
      "x": [
        12.0,
        42.0
      ],
      "y": [
        229.6100311279297,
        259.6100311279297
      ],
      "width": [
        43.33599853515625,
        53.33599853515625
      ],
      "height": [
        5.261993408203125,
        11.261993408203125
      ]
    },
    "font_size_range": [
      5.5,
      6.5
    ],
    "fonts": [
      "helveticabold"
    ],
    "bold": true,
    "italic": false,
    "pages": [
      0
    ]
  },
  "Account Type": {
    "position_range": {
      "x": [
        12.0,
        42.0
      ],
      "y": [
        263.6100158691406,
        293.6100158691406
      ],
      "width": [
        34.6719970703125,
        44.6719970703125
      ],
      "height": [
        5.26202392578125,
        11.26202392578125
      ]
    },
    "font_size_range": [
      5.5,
      6.5
    ],
    "fonts": [
      "helveticabold"
    ],
    "bold": true,
    "italic": false,
    "pages": [
      0
    ]
  },
  "Customer Address": {
    "position_range": {
      "x": [
        12.0,
        42.0
      ],
      "y": [
        298.6100158691406,
        328.6100158691406
      ],
      "width": [
        48.675994873046875,
        58.675994873046875
      ],
      "height": [
        5.26202392578125,
        11.26202392578125
      ]
    },
    "font_size_range": [
      5.5,
      6.5
    ],
    "fonts": [
      "helveticabold"
    ],
    "bold": true,
    "italic": false,
    "pages": [
      0
    ]
  },
  "Branch Name": {
    "position_range": {
      "x": [
        517.3200073242188,
        547.3200073242188
      ],
      "y": [
        193.6100311279297,
        223.6100311279297
      ],
      "width": [
        33.67596435546875,
        43.67596435546875
      ],
      "height": [
        5.261993408203125,
        11.261993408203125
      ]
    },
    "font_size_range": [
      5.5,
      6.5
    ],
    "fonts": [
      "helveticabold"
    ],
    "bold": true,
    "italic": false,
    "pages": [
      0
    ]
  },
  "IFSC Code": {
    "position_range": {
      "x": [
        525.6599731445312,
        555.6599731445312
      ],
      "y": [
        229.6100311279297,
        259.6100311279297
      ],
      "width": [
        25.3360595703125,
        35.3360595703125
      ],
      "height": [
        5.261993408203125,
        11.261993408203125
      ]
    },
    "font_size_range": [
      5.5,
      6.5
    ],
    "fonts": [
      "helveticabold"
    ],
    "bold": true,
    "italic": false,
    "pages": [
      0
    ]
  },
  "MICR Code": {
    "position_range": {
      "x": [
        524.0,
        554.0
      ],
      "y": [
        263.6100158691406,
        293.6100158691406
      ],
      "width": [
        26.99798583984375,
        36.99798583984375
      ],
      "height": [
        5.26202392578125,
        11.26202392578125
      ]
    },
    "font_size_range": [
      5.5,
      6.5
    ],
    "fonts": [
      "helveticabold"
    ],
    "bold": true,
    "italic": false,
    "pages": [
      0
    ]
  },
  "Branch Address": {
    "position_range": {
      "x": [
        509.65997314453125,
        539.6599731445312
      ],
      "y": [
        297.6100158691406,
        327.6100158691406
      ],
      "width": [
        41.343994140625,
        51.343994140625
      ],
      "height": [
        5.26202392578125,
        11.26202392578125
      ]
    },
    "font_size_range": [
      5.5,
      6.5
    ],
    "fonts": [
      "helveticabold"
    ],
    "bold": true,
    "italic": false,
    "pages": [
      0
    ]
  }
}