{
  "Customer Id": {
    "position_range": {
      "x": [
        -0.14999961853027344,
        29.850000381469727
      ],
      "y": [
        168.60000610351562,
        198.60000610351562
      ],
      "width": [
        60.35199546813965,
        70.35199546813965
      ],
      "height": [
        13.487991333007812,
        19.487991333007812
      ]
    },
    "font_size_range": [
      11.5,
      12.5
    ],
    "fonts": [
      "helvetica"
    ],
    "bold": false,
    "italic": false,
    "pages": [
      0
    ]
  },
  "Name": {
    "position_range": {
      "x": [
        91.63999938964844,
        121.63999938964844
      ],
      "y": [
        187.60000610351562,
        217.60000610351562
      ],
      "width": [
        68.35598754882812,
        78.35598754882812
      ],
      "height": [
        13.487991333007812,
        19.487991333007812
      ]
    },
    "font_size_range": [
      11.5,
      12.5
    ],
    "fonts": [
      "helvetica"
    ],
    "bold": false,
    "italic": false,
    "pages": [
      0,
      1,
      9,
      24,
      34,
      49,
      61
    ]
  },
  "Phone": {
    "position_range": {
      "x": [
        91.63999938964844,
        121.63999938964844
      ],
      "y": [
        406.1000061035156,
        436.1000061035156
      ],
      "width": [
        136.39596557617188,
        146.39596557617188
      ],
      "height": [
        13.488006591796875,
        19.488006591796875
      ]
    },
    "font_size_range": [
      11.5,
      12.5
    ],
    "fonts": [
      "helvetica"
    ],
    "bold": false,
    "italic": false,
    "pages": [
      0,
      1,
      2,
      3,
      4,
      5,
      6,
      7,
      8,
      10,
      11,
      12,
      13,
      14,
      15,
      16,
      17,
      19,
      20,
      21,
      22,
      23,
      24,
      25,
      26,
      27,
      29,
      34,
      35,
      37,
      38,
      39,
      40,
      42,
      43,
      45,
      46,
      48,
      49,
      50,
      51,
      52,
      54,
      55,
      61,
      62
    ]
  },
  "Address": {
    "position_range": {
      "x": [
        21.0,
        51.0
      ],
      "y": [
        317.1000061035156,
        347.1000061035156
      ],
      "width": [
        179.37999629974365,
        189.37999629974365
      ],
      "height": [
        13.488006591796875,
        19.488006591796875
      ]
    },
    "font_size_range": [
      11.5,
      12.5
    ],
    "fonts": [
      "helvetica"
    ],
    "bold": false,
    "italic": false,
    "pages": [
      0,
      23,
      48,
      64,
      65
    ]
  },
  "Branch Code": {
    "position_range": {
      "x": [
        287.3500061035156,
        317.3500061035156
      ],
      "y": [
        168.60000610351562,
        198.60000610351562
      ],
      "width": [
        65.031982421875,
        75.031982421875
      ],
      "height": [
        13.487991333007812,
        19.487991333007812
      ]
    },
    "font_size_range": [
      11.5,
      12.5
    ],
    "fonts": [
      "helvetica"
    ],
    "bold": false,
    "italic": false,
    "pages": [
      0
    ]
  },
  "Branch Name": {
    "position_range": {
      "x": [
        287.3500061035156,
        317.3500061035156
      ],
      "y": [
        187.60000610351562,
        217.60000610351562
      ],
      "width": [
        68.35598754882812,
        78.35598754882812
      ],
      "height": [
        13.487991333007812,
        19.487991333007812
      ]
    },
    "font_size_range": [
      11.5,
      12.5
    ],
    "fonts": [
      "helvetica"
    ],
    "bold": false,
    "italic": false,
    "pages": [
      0
    ]
  },
  "IFSC Code": {
    "position_range": {
      "x": [
        287.3500061035156,
        317.3500061035156
      ],
      "y": [
        206.60000610351562,
        236.60000610351562
      ],
      "width": [
        54.35198974609375,
        64.35198974609375
      ],
      "height": [
        13.487991333007812,
        19.487991333007812
      ]
    },
    "font_size_range": [
      11.5,
      12.5
    ],
    "fonts": [
      "helvetica"
    ],
    "bold": false,
    "italic": false,
    "pages": [
      0
    ]
  }
}