{
  "Name": {
    "position_range": {
      "x": [
        43.5,
        73.5
      ],
      "y": [
        105.87297821044922,
        135.87297821044922
      ],
      "width": [
        16.49200439453125,
        26.49200439453125
      ],
      "height": [
        9.006004333496094,
        15.006004333496094
      ]
    },
    "font_size_range": [
      8.5,
      9.5
    ],
    "fonts": [
      "timesroman"
    ],
    "bold": false,
    "italic": false,
    "pages": [
      0
    ]
  },
  "Address": {
    "position_range": {
      "x": [
        169.875,
        199.875
      ],
      "y": [
        180.8730010986328,
        210.8730010986328
      ],
      "width": [
        38.614009857177734,
        48.614009857177734
      ],
      "height": [
        9.006011962890625,
        15.006011962890625
      ]
    },
    "font_size_range": [
      8.5,
      9.5
    ],
    "fonts": [
      "timesroman"
    ],
    "bold": false,
    "italic": false,
    "pages": [
      0
    ]
  },
  "City": {
    "position_range": {
      "x": [
        186.75,
        216.75
      ],
      "y": [
        318.0877380371094,
        348.0877380371094
      ],
      "width": [
        149.2337646484375,
        159.2337646484375
      ],
      "height": [
        8.0054931640625,
        14.0054931640625
      ]
    },
    "font_size_range": [
      7.75,
      8.75
    ],
    "fonts": [
      "timesroman"
    ],
    "bold": false,
    "italic": false,
    "pages": [
      0,
      1,
      2,
      3,
      4,
      7,
      8,
      9,
      10,
      14,
      15,
      16,
      18,
      19
    ]
  },
  "State": {
    "position_range": {
      "x": [
        301.95001220703125,
        331.95001220703125
      ],
      "y": [
        727.3717651367188,
        757.3717651367188
      ],
      "width": [
        126.69511413574219,
        136.6951141357422
      ],
      "height": [
        4.00347900390625,
        10.00347900390625
      ]
    },
    "font_size_range": [
      4.75,
      5.75
    ],
    "fonts": [
      "timesbold",
      "timesroman"
    ],
    "bold": true,
    "italic": false,
    "pages": [
      0,
      1,
      2,
      3,
      4,
      5,
      6,
      7,
      8,
      9,
      10,
      11,
      12,
      13,
      14,
      15,
      16,
      17,
      18,
      19,
      20,
      21,
      22,
      23
    ]
  },
  "Pincode": {
    "position_range": {
      "x": [
        43.5,
        73.5
      ],
      "y": [
        219.1229705810547,
        249.1229705810547
      ],
      "width": [
        23.998008728027344,
        33.998008728027344
      ],
      "height": [
        9.006011962890625,
        15.006011962890625
      ]
    },
    "font_size_range": [
      8.5,
      9.5
    ],
    "fonts": [
      "timesroman"
    ],
    "bold": false,
    "italic": false,
    "pages": [
      0
    ]
  },
  "Mobile No": {
    "position_range": {
      "x": [
        43.5,
        73.5
      ],
      "y": [
        244.92303466796875,
        274.92303466796875
      ],
      "width": [
        34.249000549316406,
        44.249000549316406
      ],
      "height": [
        9.0059814453125,
        15.0059814453125
      ]
    },
    "font_size_range": [
      8.5,
      9.5
    ],
    "fonts": [
      "timesroman"
    ],
    "bold": false,
    "italic": false,
    "pages": [
      0
    ]
  },
  "Email Id": {
    "position_range": {
      "x": [
        43.5,
        73.5
      ],
      "y": [
        270.7230224609375,
        300.7230224609375
      ],
      "width": [
        26.248001098632812,
        36.24800109863281
      ],
      "height": [
        9.0059814453125,
        15.0059814453125
      ]
    },
    "font_size_range": [
      8.5,
      9.5
    ],
    "fonts": [
      "timesroman"
    ],
    "bold": false,
    "italic": false,
    "pages": [
      0
    ]
  },
  "Home branch": {
    "position_range": {
      "x": [
        43.5,
        73.5
      ],
      "y": [
        296.52301025390625,
        326.52301025390625
      ],
      "width": [
        43.735008239746094,
        53.735008239746094
      ],
      "height": [
        9.0059814453125,
        15.0059814453125
      ]
    },
    "font_size_range": [
      8.5,
      9.5
    ],
    "fonts": [
      "timesroman"
    ],
    "bold": false,
    "italic": false,
    "pages": [
      0
    ]
  },
  "IFSC": {
    "position_range": {
      "x": [
        43.5,
        73.5
      ],
      "y": [
        322.3230285644531,
        352.3230285644531
      ],
      "width": [
        14.00799560546875,
        24.00799560546875
      ],
      "height": [
        9.0059814453125,
        15.0059814453125
      ]
    },
    "font_size_range": [
      8.5,
      9.5
    ],
    "fonts": [
      "timesroman"
    ],
    "bold": false,
    "italic": false,
    "pages": [
      0
    ]
  },
  "Customer/CIF ID": {
    "position_range": {
      "x": [
        296.25,
        326.25
      ],
      "y": [
        107.37297821044922,
        137.37297821044922
      ],
      "width": [
        58.252044677734375,
        68.25204467773438
      ],
      "height": [
        9.006004333496094,
        15.006004333496094
      ]
    },
    "font_size_range": [
      8.5,
      9.5
    ],
    "fonts": [
      "timesroman"
    ],
    "bold": false,
    "italic": false,
    "pages": [
      0
    ]
  },
  "Account Type": {
    "position_range": {
      "x": [
        296.25,
        326.25
      ],
      "y": [
        136.1730194091797,
        166.1730194091797
      ],
      "width": [
        46.23699951171875,
        56.23699951171875
      ],
      "height": [
        9.006011962890625,
        15.006011962890625
      ]
    },
    "font_size_range": [
      8.5,
      9.5
    ],
    "fonts": [
      "timesroman"
    ],
    "bold": false,
    "italic": false,
    "pages": [
      0
    ]
  },
  "Account Number": {
    "position_range": {
      "x": [
        296.25,
        326.25
      ],
      "y": [
        164.97300720214844,
        194.97300720214844
      ],
      "width": [
        57.235015869140625,
        67.23501586914062
      ],
      "height": [
        9.006011962890625,
        15.006011962890625
      ]
    },
    "font_size_range": [
      8.5,
      9.5
    ],
    "fonts": [
      "timesroman"
    ],
    "bold": false,
    "italic": false,
    "pages": [
      0
    ]
  },
  "Currency": {
    "position_range": {
      "x": [
        296.25,
        326.25
      ],
      "y": [
        193.7729949951172,
        223.7729949951172
      ],
      "width": [
        28.489013671875,
        38.489013671875
      ],
      "height": [
        9.006011962890625,
        15.006011962890625
      ]
    },
    "font_size_range": [
      8.5,
      9.5
    ],
    "fonts": [
      "timesroman"
    ],
    "bold": false,
    "italic": false,
    "pages": [
      0
    ]
  },
  "Branch Address": {
    "position_range": {
      "x": [
        296.25,
        326.25
      ],
      "y": [
        222.57298278808594,
        252.57298278808594
      ],
      "width": [
        52.735015869140625,
        62.735015869140625
      ],
      "height": [
        9.006011962890625,
        15.006011962890625
      ]
    },
    "font_size_range": [
      8.5,
      9.5
    ],
    "fonts": [
      "timesroman"
    ],
    "bold": false,
    "italic": false,
    "pages": [
      0
    ]
  },
  "Statement Date": {
    "position_range": {
      "x": [
        294.75,
        324.75
      ],
      "y": [
        281.67303466796875,
        311.67303466796875
      ],
      "width": [
        50.2420654296875,
        60.2420654296875
      ],
      "height": [
        9.0059814453125,
        15.0059814453125
      ]
    },
    "font_size_range": [
      8.5,
      9.5
    ],
    "fonts": [
      "timesroman"
    ],
    "bold": false,
    "italic": false,
    "pages": [
      0
    ]
  },