{
  "Drawing Power": {
    "position_range": {
      "x": [
        21.0,
        51.0
      ],
      "y": [
        200.3249969482422,
        230.3249969482422
      ],
      "width": [
        62.790000915527344,
        72.79000091552734
      ],
      "height": [
        9.365997314453125,
        15.365997314453125
      ]
    },
    "font_size_range": [
      8.5,
      9.5
    ],
    "fonts": [
      "helvetica"
    ],
    "bold": false,
    "italic": false,
    "pages": [
      0
    ]
  },
  "IFS Code": {
    "position_range": {
      "x": [
        21.0,
        51.0
      ],
      "y": [
        267.82501220703125,
        297.82501220703125
      ],
      "width": [
        39.50499725341797,
        49.50499725341797
      ],
      "height": [
        9.365997314453125,
        15.365997314453125
      ]
    },
    "font_size_range": [
      8.5,
      9.5
    ],
    "fonts": [
      "helvetica",
      "helveticabold"
    ],
    "bold": true,
    "italic": false,
    "pages": [
      0,
      2,
      3,
      4,
      6
    ]
  },
  "Account Description": {
    "position_range": {
      "x": [
        21.0,
        51.0
      ],
      "y": [
        173.3249969482422,
        203.3249969482422
      ],
      "width": [
        83.91999053955078,
        93.91999053955078
      ],
      "height": [
        9.365997314453125,
        15.365997314453125
      ]
    },
    "font_size_range": [
      8.5,
      9.5
    ],
    "fonts": [
      "helvetica"
    ],
    "bold": false,
    "italic": false,
    "pages": [
      0
    ]
  },
  "Account Name": {
    "position_range": {
      "x": [
        21.0,
        51.0
      ],
      "y": [
        78.82499694824219,
        108.82499694824219
      ],
      "width": [
        60.579994201660156,
        70.57999420166016
      ],
      "height": [
        9.366004943847656,
        15.366004943847656
      ]
    },
    "font_size_range": [
      8.5,
      9.5
    ],
    "fonts": [
      "helvetica"
    ],
    "bold": false,
    "italic": false,
    "pages": [
      0
    ]
  },
  "Branch": {
    "position_range": {
      "x": [
        21.0,
        51.0
      ],
      "y": [
        186.8249969482422,
        216.8249969482422
      ],
      "width": [
        91.01203918457031,
        101.01203918457031
      ],
      "height": [
        9.365997314453125,
        15.365997314453125
      ]
    },
    "font_size_range": [
      8.5,
      9.5
    ],
    "fonts": [
      "helvetica"
    ],
    "bold": false,
    "italic": false,
    "pages": [
      0,
      2,
      4,
      5,
      7
    ]
  },
  "Account Number": {
    "position_range": {
      "x": [
        21.0,
        51.0
      ],
      "y": [
        159.8249969482422,
        189.8249969482422
      ],
      "width": [
        69.4699935913086,
        79.4699935913086
      ],
      "height": [
        9.365997314453125,
        15.365997314453125
      ]
    },
    "font_size_range": [
      8.5,
      9.5
    ],
    "fonts": [
      "helvetica"
    ],
    "bold": false,
    "italic": false,
    "pages": [
      0
    ]
  },
  "Date": {
    "position_range": {
      "x": [
        23.0,
        53.0
      ],
      "y": [
        32.29999923706055,
        62.29999923706055
      ],
      "width": [
        16.669998168945312,
        26.669998168945312
      ],
      "height": [
        10.770000457763672,
        16.770000457763672
      ]
    },
    "font_size_range": [
      9.5,
      10.5
    ],
    "fonts": [
      "helvetica",
      "helveticabold"
    ],
    "bold": true,
    "italic": false,
    "pages": [
      0,
      1,
      2,
      3,
      4,
      5,
      6,
      7,
      8,
      9,
      10,
      11,
      12,
      13
    ]
  },
  "Interest Rate(% p.a.)": {
    "position_range": {
      "x": [
        21.0,
        51.0
      ],
      "y": [
        213.8249969482422,
        243.8249969482422
      ],
      "width": [
        84.47999572753906,
        94.47999572753906
      ],
      "height": [
        9.365997314453125,
        15.365997314453125
      ]
    },
    "font_size_range": [
      8.5,
      9.5
    ],
    "fonts": [
      "helvetica"
    ],
    "bold": false,
    "italic": false,
    "pages": [
      0
    ]
  },
  "Address": {
    "position_range": {
      "x": [
        21.0,
        51.0
      ],
      "y": [
        92.32499694824219,
        122.32499694824219
      ],
      "width": [
        31.680004119873047,
        41.68000411987305
      ],
      "height": [
        9.366004943847656,
        15.366004943847656
      ]
    },
    "font_size_range": [
      8.5,
      9.5
    ],
    "fonts": [
      "helvetica"
    ],
    "bold": false,
    "italic": false,
    "pages": [
      0
    ]
  },
  "CIF No.": {
    "position_range": {
      "x": [
        21.0,
        51.0
      ],
      "y": [
        240.8249969482422,
        270.8249969482422
      ],
      "width": [
        29.450000762939453,
        39.45000076293945
      ],
      "height": [
        9.366012573242188,
        15.366012573242188
      ]
    },
    "font_size_range": [
      8.5,
      9.5
    ],
    "fonts": [
      "helvetica"
    ],
    "bold": false,
    "italic": false,
    "pages": [
      0
    ]
  },
  "Nomination Registered": {
    "position_range": {
      "x": [
        21.0,
        51.0
      ],
      "y": [
        321.82501220703125,
        351.82501220703125
      ],
      "width": [
        96.69999694824219,
        106.69999694824219
      ],
      "height": [
        9.365997314453125,
        15.365997314453125
      ]
    },
    "font_size_range": [
      8.5,
      9.5
    ],
    "fonts": [
      "helvetica"
    ],
    "bold": false,
    "italic": false,
    "pages": [
      0
    ]
  },
  "MICR Code": {
    "position_range": {
      "x": [
        21.0,
        51.0
      ],
      "y": [
        294.82501220703125,
        324.82501220703125
      ],
      "width": [
        47.230003356933594,
        57.230003356933594
      ],
      "height": [
        9.365997314453125,
        15.365997314453125
      ]
    },
    "font_size_range": [
      8.5,
      9.5
    ],
    "fonts": [
      "helvetica"
    ],
    "bold": false,
    "italic": false,
    "pages": [
      0
    ]
  },
  "MOD Balance": {
    "position_range": {
      "x": [
        21.0,
        51.0
      ],
      "y": [
        227.3249969482422,
        257.3249969482422
      ],
      "width": [
        126.07595825195312,
        136.07595825195312
      ],
      "height": [
        9.365997314453125,
        15.365997314453125
      ]
    },
    "font_size_range": [
      8.5,
      9.5
    ],
    "fonts": [
      "helvetica"
    ],
    "bold": false,
    "italic": false,
    "pages": [
      0
    ]
  },
  "CKYCR Number": {
    "position_range": {
      "x": [
        21.0,
        51.0
      ],
      "y": [
        254.32501220703125,
        284.32501220703125
      ],
      "width": [
        113.5479736328125,
        123.5479736328125
      ],
      "height": [
        9.365997314453125,
        15.365997314453125
      ]
    },
    "font_size_range": [
      8.5,
      9.5
    ],
    "fonts": [
      "helvetica"
    ],
    "bold": false,
    "italic": false,
    "pages": [
      0
    ]
  }
}