{
  "CUSTOMER ID": {
    "position_range": {
      "x": [
        5.0,
        35.0
      ],
      "y": [
        37.8370361328125,
        67.8370361328125
      ],
      "width": [
        65.00000762939453,
        75.00000762939453
      ],
      "height": [
        8.171875,
        14.171875
      ]
    },
    "font_size_range": [
      9.5,
      10.5
    ],
    "fonts": [
      "arial"
    ],
    "bold": false,
    "italic": false,
    "pages": [
      0,
      1,
      2,
      3,
      4,
      5,
      6,
      7,
      8,
      9,
      10,
      11,
      12,
      13,
      14,
      15,
      16,
      17,
      18,
      19,
      20,
      21,
      22,
      23,
      24
    ]
  },
  "ACCOUNT NO": {
    "position_range": {
      "x": [
        5.0,
        35.0
      ],
      "y": [
        52.8370361328125,
        82.8370361328125
      ],
      "width": [
        62.220001220703125,
        72.22000122070312
      ],
      "height": [
        8.171875,
        14.171875
      ]
    },
    "font_size_range": [
      9.5,
      10.5
    ],
    "fonts": [
      "arial"
    ],
    "bold": false,
    "italic": false,
    "pages": [
      0,
      1,
      2,
      3,
      4,
      5,
      6,
      7,
      8,
      9,
      10,
      11,
      12,
      13,
      14,
      15,
      16,
      17,
      18,
      19,
      20,
      21,
      22,
      23,
      24
    ]
  },
  "STATEMENT PERIOD": {
    "position_range": {
      "x": [
        5.0,
        35.0
      ],
      "y": [
        67.8370361328125,
        97.8370361328125
      ],
      "width": [
        96.68000030517578,
        106.68000030517578
      ],
      "height": [
        8.171875,
        14.171875
      ]
    },
    "font_size_range": [
      9.5,
      10.5
    ],
    "fonts": [
      "arial"
    ],
    "bold": false,
    "italic": false,
    "pages": [
      0,
      1,
      2,
      3,
      4,
      5,
      6,
      7,
      8,
      9,
      10,
      11,
      12,
      13,
      14,
      15,
      16,
      17,
      18,
      19,
      20,
      21,
      22,
      23,
      24
    ]
  },
  "CUSTOMER NAME": {
    "position_range": {
      "x": [
        5.0,
        35.0
      ],
      "y": [
        112.8370361328125,
        142.8370361328125
      ],
      "width": [
        84.44001007080078,
        94.44001007080078
      ],
      "height": [
        8.171875,
        14.171875
      ]
    },
    "font_size_range": [
      9.5,
      10.5
    ],
    "fonts": [
      "arialbold"
    ],
    "bold": true,
    "italic": false,
    "pages": [
      0
    ]
  },
  "EMAIL ID": {
    "position_range": {
      "x": [
        5.0,
        35.0
      ],
      "y": [
        232.8370361328125,
        262.8370361328125
      ],
      "width": [
        38.88999938964844,
        48.88999938964844
      ],
      "height": [
        8.171875,
        14.171875
      ]
    },
    "font_size_range": [
      9.5,
      10.5
    ],
    "fonts": [
      "arialbold"
    ],
    "bold": true,
    "italic": false,
    "pages": [
      0
    ]
  },
  "PHONE NO": {
    "position_range": {
      "x": [
        5.0,
        35.0
      ],
      "y": [
        252.8370361328125,
        282.8370361328125
      ],
      "width": [
        48.339996337890625,
        58.339996337890625
      ],
      "height": [
        8.171875,
        14.171875
      ]
    },
    "font_size_range": [
      9.5,
      10.5
    ],
    "fonts": [
      "arialbold"
    ],
    "bold": true,
    "italic": false,
    "pages": [
      0
    ]
  },
  "CKYC ID": {
    "position_range": {
      "x": [
        5.0,
        35.0
      ],
      "y": [
        272.8370361328125,
        302.8370361328125
      ],
      "width": [
        36.11000442504883,
        46.11000442504883
      ],
      "height": [
        8.171875,
        14.171875
      ]
    },
    "font_size_range": [
      9.5,
      10.5
    ],
    "fonts": [
      "arialbold"
    ],
    "bold": true,
    "italic": false,
    "pages": [
      0
    ]
  },
  "NOMINATION": {
    "position_range": {
      "x": [
        5.0,
        35.0
      ],
      "y": [
        292.8370361328125,
        322.8370361328125
      ],
      "width": [
        59.44000244140625,
        69.44000244140625
      ],
      "height": [
        8.171875,
        14.171875
      ]
    },
    "font_size_range": [
      9.5,
      10.5
    ],
    "fonts": [
      "arialbold"
    ],
    "bold": true,
    "italic": false,
    "pages": [
      0
    ]
  },
  "NOMINEE NAME": {
    "position_range": {
      "x": [
        5.0,
        35.0
      ],
      "y": [
        312.8370361328125,
        342.8370361328125
      ],
      "width": [
        73.89000701904297,
        83.89000701904297
      ],
      "height": [
        8.171875,
        14.171875
      ]
    },
    "font_size_range": [
      9.5,
      10.5
    ],
    "fonts": [
      "arialbold"
    ],
    "bold": true,
    "italic": false,
    "pages": [
      0
    ]
  },
  "ACCOUNT BRANCH": {
    "position_range": {
      "x": [
        305.0,
        335.0
      ],
      "y": [
        112.8370361328125,
        142.8370361328125
      ],
      "width": [
        91.08999633789062,
        101.08999633789062
      ],
      "height": [
        8.171875,
        14.171875
      ]
    },
    "font_size_range": [
      9.5,
      10.5
    ],
    "fonts": [
      "arialbold"
    ],
    "bold": true,
    "italic": false,
    "pages": [
      0
    ]
  },
  "BRANCH ADDRESS": {
    "position_range": {
      "x": [
        305.0,
        335.0
      ],
      "y": [
        132.8370361328125,
        162.8370361328125
      ],
      "width": [
        89.99005126953125,
        99.99005126953125
      ],
      "height": [
        8.171875,
        14.171875
      ]
    },
    "font_size_range": [
      9.5,
      10.5
    ],
    "fonts": [
      "arialbold"
    ],
    "bold": true,
    "italic": false,
    "pages": [
      0
    ]
  },
  "IFSC": {
    "position_range": {
      "x": [
        170.0,
        200.0
      ],
      "y": [
        383.2423095703125,
        413.2423095703125
      ],
      "width": [
        15.501998901367188,
        25.501998901367188
      ],
      "height": [
        7.0546875,
        13.0546875
      ]
    },
    "font_size_range": [
      8.5,
      9.5
    ],
    "fonts": [
      "arial",
      "arialbold"
    ],
    "bold": true,
    "italic": false,
    "pages": [
      0,
      25
    ]
  },
  "MICR": {
    "position_range": {
      "x": [
        170.0,
        200.0
      ],
      "y": [
        426.2423095703125,
        456.2423095703125
      ],
      "width": [
        17.9949951171875,
        27.9949951171875
      ],
      "height": [
        7.0546875,
        13.0546875
      ]
    },
    "font_size_range": [
      8.5,
      9.5
    ],
    "fonts": [
      "arial",
      "arialbold"
    ],
    "bold": true,
    "italic": false,
    "pages": [
      0,
      25
    ]
  },
  "ACCOUNT OPENING DATE": {
    "position_range": {
      "x": [
        305.0,
        335.0
      ],
      "y": [
        252.8370361328125,
        282.8370361328125
      ],
      "width": [
        123.8900146484375,
        133.8900146484375
      ],
      "height": [
        8.171875,
        14.171875
      ]
    },
    "font_size_range": [
      9.5,
      10.5
    ],
    "fonts": [
      "arialbold"
    ],
    "bold": true,
    "italic": false,
    "pages": [
      0
    ]
  },
  "ACCOUNT STATUS": {
    "position_range": {
      "x": [
        305.0,
        335.0
      ],
      "y": [
        272.8370361328125,
        302.8370361328125
      ],
      "width": [
        87.76998901367188,
        97.76998901367188
      ],
      "height": [
        8.171875,
        14.171875
      ]
    },
    "font_size_range": [
      9.5,
      10.5
    ],
    "fonts": [
      "arialbold"
    ],
    "bold": true,
    "italic": false,
    "pages": [
      0
    ]
  },