{
  "Account Number": {
    "avg_position": {
      "x": 501.0,
      "y": 310.1465759277344,
      "width": 95.975830078125,
      "height": 12.0
    },
    "font_size": 12.0,
    "fonts": [
      "ArialMT"
    ],
    "bold": false,
    "italic": false
  },
  "Cust Id": {
    "avg_position": {
      "x": 500.0,
      "y": 333.1465759277344,
      "width": 44.62786865234375,
      "height": 12.0
    },
    "font_size": 12.0,
    "fonts": [
      "ArialMT"
    ],
    "bold": false,
    "italic": false
  },
  "Branch Id": {
    "avg_position": {
      "x": 500.0,
      "y": 356.1465759277344,
      "width": 57.971923828125,
      "height": 12.0
    },
    "font_size": 12.0,
    "fonts": [
      "ArialMT"
    ],
    "bold": false,
    "italic": false
  },
  "Branch Name": {
    "avg_position": {
      "x": 500.0,
      "y": 380.1465759277344,
      "width": 79.97991943359375,
      "height": 12.0
    },
    "font_size": 12.0,
    "fonts": [
      "ArialMT"
    ],
    "bold": false,
    "italic": false
  },
  "Branch Address": {
    "avg_position": {
      "x": 501.0,
      "y": 404.1465759277344,
      "width": 91.9798583984375,
      "height": 12.0
    },
    "font_size": 12.0,
    "fonts": [
      "ArialMT"
    ],
    "bold": false,
    "italic": false
  },
  "Email": {
    "avg_position": {
      "x": 500.0,
      "y": 482.1465759277344,
      "width": 36.63592529296875,
      "height": 12.0
    },
    "font_size": 12.0,
    "fonts": [
      "ArialMT"
    ],
    "bold": false,
    "italic": false
  },
  "IFSC": {
    "avg_position": {
      "x": 500.0,
      "y": 508.1465759277344,
      "width": 33.94793701171875,
      "height": 12.000030517578125
    },
    "font_size": 12.0,
    "fonts": [
      "ArialMT"
    ],
    "bold": false,
    "italic": false
  }
}