{
  "Account Holder Name": {
    "position_range": {
      "x": [
        35.0,
        65.0
      ],
      "y": [
        128.45492553710938,
        158.45492553710938
      ],
      "width": [
        82.99298095703125,
        92.99298095703125
      ],
      "height": [
        6.0,
        12.0
      ]
    },
    "font_size_range": [
      8.5,
      9.5
    ],
    "fonts": [
      "arial"
    ],
    "bold": false,
    "italic": false,
    "pages": [
      0
    ]
  },
  "Account Type": {
    "position_range": {
      "x": [
        35.0,
        65.0
      ],
      "y": [
        156.6749725341797,
        186.6749725341797
      ],
      "width": [
        50.02598571777344,
        60.02598571777344
      ],
      "height": [
        9.365997314453125,
        15.365997314453125
      ]
    },
    "font_size_range": [
      8.5,
      9.5
    ],
    "fonts": [
      "helvetica"
    ],
    "bold": false,
    "italic": false,
    "pages": [
      0
    ]
  },
  "Account Number": {
    "position_range": {
      "x": [
        35.0,
        65.0
      ],
      "y": [
        177.6749725341797,
        207.6749725341797
      ],
      "width": [
        62.022987365722656,
        72.02298736572266
      ],
      "height": [
        9.365997314453125,
        15.365997314453125
      ]
    },
    "font_size_range": [
      8.5,
      9.5
    ],
    "fonts": [
      "helvetica"
    ],
    "bold": false,
    "italic": false,
    "pages": [
      0
    ]
  },
  "Customer's Address": {
    "position_range": {
      "x": [
        35.0,
        65.0
      ],
      "y": [
        198.6749725341797,
        228.6749725341797
      ],
      "width": [
        75.73898315429688,
        85.73898315429688
      ],
      "height": [
        9.365997314453125,
        15.365997314453125
      ]
    },
    "font_size_range": [
      8.5,
      9.5
    ],
    "fonts": [
      "helvetica"
    ],
    "bold": false,
    "italic": false,
    "pages": [
      0
    ]
  },
  "Branch Name": {
    "position_range": {
      "x": [
        35.0,
        65.0
      ],
      "y": [
        261.67498779296875,
        291.67498779296875
      ],
      "width": [
        50.016990661621094,
        60.016990661621094
      ],
      "height": [
        9.365997314453125,
        15.365997314453125
      ]
    },
    "font_size_range": [
      8.5,
      9.5
    ],
    "fonts": [
      "helvetica"
    ],
    "bold": false,
    "italic": false,
    "pages": [
      0
    ]
  },
  "IFSC": {
    "position_range": {
      "x": [
        130.0,
        160.0
      ],
      "y": [
        326.6300048828125,
        356.6300048828125
      ],
      "width": [
        105.06097412109375,
        115.06097412109375
      ],
      "height": [
        9.365997314453125,
        15.365997314453125
      ]
    },
    "font_size_range": [
      8.5,
      9.5
    ],
    "fonts": [
      "helvetica"
    ],
    "bold": false,
    "italic": false,
    "pages": [
      0,
      1,
      13,
      32,
      36,
      49,
      85,
      107,
      142,
      143
    ]
  },
  "Account Currency": {
    "position_range": {
      "x": [
        35.0,
        65.0
      ],
      "y": [
        303.67498779296875,
        333.67498779296875
      ],
      "width": [
        66.52298736572266,
        76.52298736572266
      ],
      "height": [
        9.365997314453125,
        15.365997314453125
      ]
    },
    "font_size_range": [
      8.5,
      9.5
    ],
    "fonts": [
      "helvetica"
    ],
    "bold": false,
    "italic": false,
    "pages": [
      0
    ]
  },
  "Opening Balance": {
    "position_range": {
      "x": [
        332.0,
        362.0
      ],
      "y": [
        132.6749725341797,
        162.6749725341797
      ],
      "width": [
        64.03897094726562,
        74.03897094726562
      ],
      "height": [
        9.365997314453125,
        15.365997314453125
      ]
    },
    "font_size_range": [
      8.5,
      9.5
    ],
    "fonts": [
      "helvetica"
    ],
    "bold": false,
    "italic": false,
    "pages": [
      0
    ]
  },
  "Total Credits": {
    "position_range": {
      "x": [
        332.0,
        362.0
      ],
      "y": [
        168.6749725341797,
        198.6749725341797
      ],
      "width": [
        46.011993408203125,
        56.011993408203125
      ],
      "height": [
        9.365997314453125,
        15.365997314453125
      ]
    },
    "font_size_range": [
      8.5,
      9.5
    ],
    "fonts": [
      "helvetica"
    ],
    "bold": false,
    "italic": false,
    "pages": [
      0
    ]
  },
  "Total Debits": {
    "position_range": {
      "x": [
        332.0,
        362.0
      ],
      "y": [
        204.6749725341797,
        234.6749725341797
      ],
      "width": [
        43.014984130859375,
        53.014984130859375
      ],
      "height": [
        9.365997314453125,
        15.365997314453125
      ]
    },
    "font_size_range": [
      8.5,
      9.5
    ],
    "fonts": [
      "helvetica"
    ],
    "bold": false,
    "italic": false,
    "pages": [
      0
    ]
  },
  "Ending Balance": {
    "position_range": {
      "x": [
        183.5,
        213.5
      ],
      "y": [
        241.56491088867188,
        271.5649108886719
      ],
      "width": [
        62.418968200683594,
        72.4189682006836
      ],
      "height": [
        6.0,
        12.0
      ]
    },
    "font_size_range": [
      8.5,
      9.5
    ],
    "fonts": [
      "arialbold"
    ],
    "bold": true,
    "italic": false,
    "pages": [
      0,
      38,
      52,
      146
    ]
  }
}