{
  "Name": {
    "position_range": {
      "x": [
        145.90939235687256,
        175.90939235687256
      ],
      "y": [
        71.15776062011719,
        101.15776062011719
      ],
      "width": [
        27.62352466583252,
        37.62352466583252
      ],
      "height": [
        7.130516052246094,
        13.130516052246094
      ]
    },
    "font_size_range": [
      7.84499979019165,
      8.84499979019165
    ],
    "fonts": [
      "nimbussansregular",
      "timesroman",
      "albanya,regular"
    ],
    "bold": false,
    "italic": false,
    "pages": [
      0
    ]
  },
  "Communication Address": {
    "position_range": {
      "x": [
        8.904511451721191,
        38.90451145172119
      ],
      "y": [
        89.87779235839844,
        119.87779235839844
      ],
      "width": [
        82.35119152069092,
        92.35119152069092
      ],
      "height": [
        7.130516052246094,
        13.130516052246094
      ]
    },
    "font_size_range": [
      7.84499979019165,
      8.84499979019165
    ],
    "fonts": [
      "nimbussansregular",
      "timesroman",
      "albanya,regular"
    ],
    "bold": false,
    "italic": false,
    "pages": [
      0
    ]
  },
  "Address Last Updated On": {
    "position_range": {
      "x": [
        8.904511451721191,
        38.90451145172119
      ],
      "y": [
        108.59775924682617,
        138.59775924682617
      ],
      "width": [
        86.83399105072021,
        96.83399105072021
      ],
      "height": [
        7.130519866943359,
        13.13051986694336
      ]
    },
    "font_size_range": [
      7.84499979019165,
      8.84499979019165
    ],
    "fonts": [
      "nimbussansregular",
      "timesroman",
      "albanya,regular"
    ],
    "bold": false,
    "italic": false,
    "pages": [
      0
    ]
  },
  "Regd. Mobile Number": {
    "position_range": {
      "x": [
        8.904511451721191,
        38.90451145172119
      ],
      "y": [
        127.31778717041016,
        157.31778717041016
      ],
      "width": [
        72.71919536590576,
        82.71919536590576
      ],
      "height": [
        7.130523681640625,
        13.130523681640625
      ]
    },
    "font_size_range": [
      7.84499979019165,
      8.84499979019165
    ],
    "fonts": [
      "nimbussansregular",
      "timesroman",
      "albanya,regular"
    ],
    "bold": false,
    "italic": false,
    "pages": [
      0
    ]
  },
  "Email ID": {
    "position_range": {
      "x": [
        8.904511451721191,
        38.90451145172119
      ],
      "y": [
        146.03775787353516,
        176.03775787353516
      ],
      "width": [
        25.619657516479492,
        35.61965751647949
      ],
      "height": [
        7.130523681640625,
        13.130523681640625
      ]
    },
    "font_size_range": [
      7.84499979019165,
      8.84499979019165
    ],
    "fonts": [
      "nimbussansregular",
      "timesroman",
      "albanya,regular"
    ],
    "bold": false,
    "italic": false,
    "pages": [
      0
    ]
  },
  "Type of Account": {
    "position_range": {
      "x": [
        8.904511451721191,
        38.90451145172119
      ],
      "y": [
        164.75775909423828,
        194.75775909423828
      ],
      "width": [
        53.51601696014404,
        63.51601696014404
      ],
      "height": [
        7.130523681640625,
        13.130523681640625
      ]
    },
    "font_size_range": [
      7.84499979019165,
      8.84499979019165
    ],
    "fonts": [
      "nimbussansregular",
      "timesroman",
      "albanya,regular"
    ],
    "bold": false,
    "italic": false,
    "pages": [
      0
    ]
  },
  "Scheme": {
    "position_range": {
      "x": [
        8.904511451721191,
        38.90451145172119
      ],
      "y": [
        183.47779083251953,
        213.47779083251953
      ],
      "width": [
        24.487284660339355,
        34.487284660339355
      ],
      "height": [
        7.130523681640625,
        13.130523681640625
      ]
    },
    "font_size_range": [
      7.84499979019165,
      8.84499979019165
    ],
    "fonts": [
      "nimbussansregular",
      "timesroman",
      "albanya,regular"
    ],
    "bold": false,
    "italic": false,
    "pages": [
      0
    ]
  },
  "IFSC": {
    "position_range": {
      "x": [
        8.904511451721191,
        38.90451145172119
      ],
      "y": [
        202.19776153564453,
        232.19776153564453
      ],
      "width": [
        13.329474449157715,
        23.329474449157715
      ],
      "height": [
        7.130531311035156,
        13.130531311035156
      ]
    },
    "font_size_range": [
      7.84499979019165,
      8.84499979019165
    ],
    "fonts": [
      "nimbussansregular",
      "timesroman",
      "albanya,regular"
    ],
    "bold": false,
    "italic": false,
    "pages": [
      0
    ]
  },
  "MICR Code": {
    "position_range": {
      "x": [
        8.904511451721191,
        38.90451145172119
      ],
      "y": [
        220.91776275634766,
        250.91776275634766
      ],
      "width": [
        36.94677448272705,
        46.94677448272705
      ],
      "height": [
        7.130531311035156,
        13.130531311035156
      ]
    },
    "font_size_range": [
      7.84499979019165,
      8.84499979019165
    ],
    "fonts": [
      "nimbussansregular",
      "timesroman",
      "albanya,regular"
    ],
    "bold": false,
    "italic": false,
    "pages": [
      0
    ]
  },
  "SWIFT Code": {
    "position_range": {
      "x": [
        8.904511451721191,
        38.90451145172119
      ],
      "y": [
        239.6377716064453,
        269.6377716064453
      ],
      "width": [
        41.37608242034912,
        51.37608242034912
      ],
      "height": [
        7.130523681640625,
        13.130523681640625
      ]
    },
    "font_size_range": [
      7.84499979019165,
      8.84499979019165
    ],
    "fonts": [
      "nimbussansregular",
      "timesroman",
      "albanya,regular"
    ],
    "bold": false,
    "italic": false,
    "pages": [
      0
    ]
  },
  "Effective Available Balance": {
    "position_range": {
      "x": [
        3.489999771118164,
        33.489999771118164
      ],
      "y": [
        290.4299774169922,
        320.4299774169922
      ],
      "width": [
        79.55501365661621,
        89.55501365661621
      ],
      "height": [
        7.0050048828125,
        13.0050048828125
      ]
    },
    "font_size_range": [
      7.0,
      8.0
    ],
    "fonts": [
      "nimbussansregular",
      "timesroman"
    ],
    "bold": false,
    "italic": false,
    "pages": [
      0
    ]
  },
  "Branch Name": {
    "position_range": {
      "x": [
        298.3000030517578,
        328.3000030517578
      ],
      "y": [
        71.15776062011719,
        101.15776062011719
      ],
      "width": [
        44.00494384765625,
        54.00494384765625
      ],
      "height": [
        7.130516052246094,
        13.130516052246094
      ]
    },
    "font_size_range": [
      7.84499979019165,
      8.84499979019165
    ],
    "fonts": [
      "nimbussansregular",
      "timesroman",
      "albanya,regular"
    ],
    "bold": false,
    "italic": false,
    "pages": [
      0
    ]
  },
  "Branch sol ID": {
    "position_range": {
      "x": [
        298.3000030517578,
        328.3000030517578
      ],
      "y": [
        89.87779235839844,
        119.87779235839844
      ],
      "width": [
        44.32569885253906,
        54.32569885253906
      ],
      "height": [
        7.130516052246094,
        13.130516052246094
      ]
    },
    "font_size_range": [
      7.84499979019165,
      8.84499979019165
    ],
    "fonts": [
      "nimbussansregular",
      "timesroman",
      "albanya,regular"
    ],
    "bold": false,
    "italic": false,
    "pages": [
      0
    ]
  },
  "Account Number": {
    "position_range": {
      "x": [
        298.3000030517578,
        328.3000030517578
      ],