{
  "Customer ID": {
    "position_range": {
      "x": [
        118.6300048828125,
        148.6300048828125
      ],
      "y": [
        610.3199462890625,
        640.3199462890625
      ],
      "width": [
        8.740005493164062,
        18.740005493164062
      ],
      "height": [
        58.6800537109375,
        64.6800537109375
      ]
    },
    "font_size_range": [
      9.5,
      10.5
    ],
    "fonts": [
      "helvetica"
    ],
    "bold": false,
    "italic": false,
    "pages": [
      0
    ]
  },
  "PAN": {
    "position_range": {
      "x": [
        133.6300048828125,
        163.6300048828125
      ],
      "y": [
        645.8799438476562,
        675.8799438476562
      ],
      "width": [
        8.740005493164062,
        18.740005493164062
      ],
      "height": [
        23.12005615234375,
        29.12005615234375
      ]
    },
    "font_size_range": [
      9.5,
      10.5
    ],
    "fonts": [
      "helvetica"
    ],
    "bold": false,
    "italic": false,
    "pages": [
      0
    ]
  },
  "Mobile No": {
    "position_range": {
      "x": [
        226.6300048828125,
        256.6300048828125
      ],
      "y": [
        621.429931640625,
        651.429931640625
      ],
      "width": [
        8.740005493164062,
        18.740005493164062
      ],
      "height": [
        47.570068359375,
        53.570068359375
      ]
    },
    "font_size_range": [
      9.5,
      10.5
    ],
    "fonts": [
      "helvetica"
    ],
    "bold": false,
    "italic": false,
    "pages": [
      0
    ]
  },
  "Email": {
    "position_range": {
      "x": [
        241.6300048828125,
        271.6300048828125
      ],
      "y": [
        641.43994140625,
        671.43994140625
      ],
      "width": [
        8.739990234375,
        18.739990234375
      ],
      "height": [
        27.56005859375,
        33.56005859375
      ]
    },
    "font_size_range": [
      9.5,
      10.5
    ],
    "fonts": [
      "helvetica"
    ],
    "bold": false,
    "italic": false,
    "pages": [
      0
    ]
  },
  "Account Number": {
    "position_range": {
      "x": [
        275.6300048828125,
        305.6300048828125
      ],
      "y": [
        597.5299682617188,
        627.5299682617188
      ],
      "width": [
        8.739990234375,
        18.739990234375
      ],
      "height": [
        71.47003173828125,
        77.47003173828125
      ]
    },
    "font_size_range": [
      9.5,
      10.5
    ],
    "fonts": [
      "helvetica"
    ],
    "bold": false,
    "italic": false,
    "pages": [
      0
    ]
  },
  "Account Type": {
    "position_range": {
      "x": [
        335.6300048828125,
        365.6300048828125
      ],
      "y": [
        610.8599853515625,
        640.8599853515625
      ],
      "width": [
        8.739990234375,
        18.739990234375
      ],
      "height": [
        58.1400146484375,
        64.1400146484375
      ]
    },
    "font_size_range": [
      9.5,
      10.5
    ],
    "fonts": [
      "helvetica"
    ],
    "bold": false,
    "italic": false,
    "pages": [
      0
    ]
  },
  "Account Status": {
    "position_range": {
      "x": [
        350.6300048828125,
        380.6300048828125
      ],
      "y": [
        604.739990234375,
        634.739990234375
      ],
      "width": [
        8.739990234375,
        18.739990234375
      ],
      "height": [
        64.260009765625,
        70.260009765625
      ]
    },
    "font_size_range": [
      9.5,
      10.5
    ],
    "fonts": [
      "helvetica"
    ],
    "bold": false,
    "italic": false,
    "pages": [
      0
    ]
  },
  "Branch Name": {
    "position_range": {
      "x": [
        320.6300048828125,
        350.6300048828125
      ],
      "y": [
        610.8699951171875,
        640.8699951171875
      ],
      "width": [
        8.739990234375,
        18.739990234375
      ],
      "height": [
        58.1300048828125,
        64.1300048828125
      ]
    },
    "font_size_range": [
      9.5,
      10.5
    ],
    "fonts": [
      "helvetica"
    ],
    "bold": false,
    "italic": false,
    "pages": [
      0
    ]
  },
  "Joint Holders": {
    "position_range": {
      "x": [
        96.6300048828125,
        126.6300048828125
      ],
      "y": [
        521.969970703125,
        551.969970703125
      ],
      "width": [
        8.739997863769531,
        18.73999786376953
      ],
      "height": [
        147.030029296875,
        153.030029296875
      ]
    },
    "font_size_range": [
      9.5,
      10.5
    ],
    "fonts": [
      "helvetica"
    ],
    "bold": false,
    "italic": false,
    "pages": [
      0
    ]
  }
}